Keyword,Source,Seed
chatgpt codex,Bing,ChatGPT
chatgpt codex,Google,ChatGPT
chatgpt canvas,Bing,ChatGPT
chatgpt canvas,Google,ChatGPT
chatgpt成品号,Google,ChatGPT
chatgpt创始人,Google,ChatGPT
chatgpt conversation timeline,Bing,ChatGPT
chatgpt conversation timeline,Google,ChatGPT
chatgpt充值,Bing,ChatGPT
chatgpt chatgpt plus 区别,Bing,ChatGPT
chatgpt插件,Bing,ChatGPT
chatgpt atlas,Bing,ChatGPT
chatgpt atlas,Google,ChatGPT
chatgpt app,Bing,ChatGPT
chatgpt app,Google,ChatGPT
chatgpt安装包,Google,ChatGPT
chatgpt api key,Bing,ChatGPT
chatgpt api key,Google,ChatGPT
chatgpt agent,Bing,ChatGPT
chatgpt agent,Google,ChatGPT
chatgpt安卓,Google,ChatGPT
chatgpt atlas 浏览器,Google,ChatGPT
chatgpt 安卓 下载,Google,ChatGPT
chatgpt atlas 下载,Google,ChatGPT
chatgpt app下载,Bing,ChatGPT
chatgpt app下载,Google,ChatGPT
chatgpt apk下载,Google,ChatGPT
chatgpt atlas下载,Bing,ChatGPT
chatgpt api key怎么获取,Bing,ChatGPT
chatgpt agent发布,Bing,ChatGPT
chatgpt api价格,Bing,ChatGPT
chatgpt api key免费,Bing,ChatGPT
chatgpt edu,Bing,ChatGPT
chatgpt edu,Google,ChatGPT
chatgpt exporter,Bing,ChatGPT
chatgpt exporter,Google,ChatGPT
chatgpt education,Bing,ChatGPT
chatgpt education,Google,ChatGPT
chatgpt exe,Bing,ChatGPT
chatgpt exe,Google,ChatGPT
chatgpt enterprise,Bing,ChatGPT
chatgpt enterprise,Google,ChatGPT
chatgpt english,Bing,ChatGPT
chatgpt english,Google,ChatGPT
chatgpt额度,Google,ChatGPT
chatgpt edu 申请,Google,ChatGPT
chatgpt下载,Bing,ChatGPT
chatgpt下载,Google,ChatGPT
chatgpt官网,Bing,ChatGPT
chatgpt官网,Google,ChatGPT
chatgpt 浏览器,Bing,ChatGPT
chatgpt 浏览器,Google,ChatGPT
chatgpt plus,Bing,ChatGPT
chatgpt plus,Google,ChatGPT
chatgpt download,Bing,ChatGPT
chatgpt download,Google,ChatGPT
chatgpt go,Bing,ChatGPT
chatgpt go,Google,ChatGPT
chatgpt军人认证,Bing,ChatGPT
chatgpt军人认证,Google,ChatGPT
chatgpt中文版,Google,ChatGPT
chatgpt中文版,Bing,ChatGPT
chatgpt网页版,Bing,ChatGPT
chatgpt官网登入,Bing,ChatGPT
chatgpt官网入口网页版,Bing,ChatGPT
chatgpt中文版免费,Bing,ChatGPT
chatgpt镜像,Google,ChatGPT
chatgpt镜像,Bing,ChatGPT
chatgpt openai,Google,ChatGPT
chatgpt openai,Bing,ChatGPT
chatgpt for mac,Bing,ChatGPT
chatgpt for mac,Google,ChatGPT
chatgpt for teachers,Bing,ChatGPT
chatgpt for teachers,Google,ChatGPT
chatgpt for veterans,Bing,ChatGPT
chatgpt for veterans,Google,ChatGPT
chatgpt 翻译,Google,ChatGPT
chatgpt发布时间,Bing,ChatGPT
chatgpt发布时间,Google,ChatGPT
chatgpt for veterans chatgpt,Bing,ChatGPT
chatgpt for veterans chatgpt,Google,ChatGPT
chatgpt for windows,Bing,ChatGPT
chatgpt for windows,Google,ChatGPT
chatgpt发布,Google,ChatGPT
chatgpt封号,Google,ChatGPT
chatgpt费用,Google,ChatGPT
chatgpt 付费,Google,ChatGPT
chatgpt付款银行卡被拒绝,Google,ChatGPT
chatgpt翻译,Bing,ChatGPT
chatgpt购买,Google,ChatGPT
chatgpt共享,Google,ChatGPT
chatgpt归档,Google,ChatGPT
chatgpt归档的聊天,Google,ChatGPT
chatgpt工作空间停用,Google,ChatGPT
chatgpt归档有什么用,Google,ChatGPT
chatgpt 官网 入口,Google,ChatGPT
chatgpt改密码,Google,ChatGPT
chatgpt go是什么,Google,ChatGPT
chatgpt gemini,Bing,ChatGPT
chatgpt gemini,Google,ChatGPT
chatgpt 官网 下载,Google,ChatGPT
chatgpt工作空间被停用,Google,ChatGPT
chatgpt工作空间,Google,ChatGPT
chatgpt官网中文版,Bing,ChatGPT
chatgpt官网下载电脑版,Bing,ChatGPT
chatgpt登录,Bing,ChatGPT
chatgpt登录,Google,ChatGPT
chatgpt大兵认证,Google,ChatGPT
chatgpt订阅,Google,ChatGPT
chatgpt打不开,Google,ChatGPT
chatgpt代理模式,Google,ChatGPT
chatgpt desktop,Bing,ChatGPT
chatgpt desktop,Google,ChatGPT
chatgpt deep research,Bing,ChatGPT
chatgpt deep research,Google,ChatGPT
chatgpt 大兵,Google,ChatGPT
chatgpt detector,Bing,ChatGPT
chatgpt detector,Google,ChatGPT
chatgpt代理模式是什么,Google,ChatGPT
chatgpt电脑版,Bing,ChatGPT
chatgpt电脑版,Google,ChatGPT
chatgpt degrade checker,Bing,ChatGPT
chatgpt degrade checker,Google,ChatGPT
chatgpt代充,Bing,ChatGPT
chatgpt business,Bing,ChatGPT
chatgpt business,Google,ChatGPT
chatgpt崩了,Google,ChatGPT
chatgpt business 拼车,Google,ChatGPT
chatgpt版本,Google,ChatGPT
chatgpt business plan,Bing,ChatGPT
chatgpt business plan,Google,ChatGPT
chatgpt本地部署,Bing,ChatGPT
chatgpt本地部署,Google,ChatGPT
chatgpt不能用了,Google,ChatGPT
chatgpt business和plus区别,Google,ChatGPT
chatgpt 八字,Google,ChatGPT
chatgpt business和plus,Google,ChatGPT
chatgpt 绑卡,Google,ChatGPT
chatgpt billing,Bing,ChatGPT
chatgpt billing,Google,ChatGPT
chatgpt崩了吗,Google,ChatGPT
chatgpt百度百科,Bing,ChatGPT
chatgpt mac,Bing,ChatGPT
chatgpt mac,Google,ChatGPT
chatgpt免费,Google,ChatGPT
chatgpt macos,Bing,ChatGPT
chatgpt macos,Google,ChatGPT
chatgpt免费版,Bing,ChatGPT
chatgpt免费版,Google,ChatGPT
chatgpt mac客户端,Bing,ChatGPT
chatgpt mac客户端,Google,ChatGPT
chatgpt 免费试用,Google,ChatGPT
chatgpt 美军 认证,Google,ChatGPT
chatgpt免费版使用限制,Google,ChatGPT
chatgpt 美国大兵,Google,ChatGPT
chatgpt免费使用,Bing,ChatGPT
chatgpt免费使用,Google,ChatGPT
chatgpt免费试用一个月,Google,ChatGPT
chatgpt免费升级,Google,ChatGPT
chatgpt美国军人,Google,ChatGPT
chatgpt免费使用网站,Bing,ChatGPT
chatgpt mac下载,Bing,ChatGPT
chatgpt 军人,Google,ChatGPT
chatgpt教师认证,Bing,ChatGPT
chatgpt教师认证,Google,ChatGPT
chatgpt降智,Bing,ChatGPT
chatgpt降智,Google,ChatGPT
chatgpt 价格,Google,ChatGPT
chatgpt教师版,Google,ChatGPT
chatgpt解除限制,Bing,ChatGPT
chatgpt解除限制,Google,ChatGPT
chatgpt降智检测,Google,ChatGPT
chatgpt 教师优惠,Google,ChatGPT
chatgpt教育版,Google,ChatGPT
chatgpt教育优惠,Google,ChatGPT
chatgpt镜像网站,Google,ChatGPT
chatgpt军人优惠,Google,ChatGPT
chatgpt降智怎么办,Google,ChatGPT
chatgpt镜像网站免费,Bing,ChatGPT
chatgpt镜像版,Bing,ChatGPT
chatgpt镜像站,Bing,ChatGPT
chatgpt价格,Bing,ChatGPT
chatgpt进不去,Bing,ChatGPT
chatgpt ios,Bing,ChatGPT
chatgpt ios,Google,ChatGPT
chatgpt icon,Bing,ChatGPT
chatgpt icon,Google,ChatGPT
chatgpt in scientific research and writing,Bing,ChatGPT
chatgpt in scientific research and writing,Google,ChatGPT
chatgpt install,Bing,ChatGPT
chatgpt install,Google,ChatGPT
chatgpt ios下载,Bing,ChatGPT
chatgpt ios下载,Google,ChatGPT
chatgpt ipa,Bing,ChatGPT
chatgpt ipa,Google,ChatGPT
chatgpt ip检测,Google,ChatGPT
chatgpt is unable to load,Bing,ChatGPT
chatgpt is unable to load,Google,ChatGPT
chatgpt logo,Bing,ChatGPT
chatgpt logo,Google,ChatGPT
chatgpt老兵,Google,ChatGPT
chatgpt老兵认证,Google,ChatGPT
chatgpt礼品卡,Google,ChatGPT
chatgpt聊天记录导出,Google,ChatGPT
chatgpt 浏览器下载,Google,ChatGPT
chatgpt论文,Google,ChatGPT
chatgpt聊天,Google,ChatGPT
chatgpt 瀏覽器,Google,ChatGPT
chatgpt 历史,Google,ChatGPT
chatgpt老兵优惠,Google,ChatGPT
chatgpt历史版本,Google,ChatGPT
chatgpt logo图片,Bing,ChatGPT
chatgpt online,Bing,ChatGPT
chatgpt online,Google,ChatGPT
chatgpt on wechat,Bing,ChatGPT
chatgpt on wechat,Google,ChatGPT
chatgpt operation timed out,Bing,ChatGPT
chatgpt operation timed out,Google,ChatGPT
chatgpt operator,Bing,ChatGPT
chatgpt operator,Google,ChatGPT
chatgpt openai官网,Bing,ChatGPT
chatgpt客户端,Bing,ChatGPT
chatgpt客户端,Google,ChatGPT
chatgpt key,Bing,ChatGPT
chatgpt key,Google,ChatGPT
chatgpt k12 verification,Bing,ChatGPT
chatgpt k12 verification,Google,ChatGPT
chatgpt 客户端下载,Google,ChatGPT
chatgpt k12教师认证,Google,ChatGPT
chatgpt卡顿,Google,ChatGPT
chatgpt k12 teacher,Bing,ChatGPT
chatgpt k12 teacher,Google,ChatGPT
chatgpt k12 认证链接,Google,ChatGPT
chatgpt开放限制,Google,ChatGPT
chatgpt客服,Google,ChatGPT
chatgpt看不到回复,Google,ChatGPT
chatgpt开源,Bing,ChatGPT
chatgpt开源,Google,ChatGPT
chatgpt可以生成视频吗,Google,ChatGPT
chatgpt可以生成图片吗,Bing,ChatGPT
chatgpt可以生成图片吗,Google,ChatGPT
chatgpt k12认证,Bing,ChatGPT
chatgpt可以做ppt吗,Bing,ChatGPT
chatgpt客户端下载,Bing,ChatGPT
chatgpt可以生成ppt吗,Bing,ChatGPT
chatgpt会员,Bing,ChatGPT
chatgpt会员,Google,ChatGPT
chatgpt合租,Bing,ChatGPT
chatgpt合租,Google,ChatGPT
chatgpt会员购买,Bing,ChatGPT
chatgpt会员购买,Google,ChatGPT
chatgpt和gemini哪个好用,Google,ChatGPT
chatgpt和gemini,Google,ChatGPT
chatgpt很卡,Google,ChatGPT
chatgpt会员价格,Bing,ChatGPT
chatgpt会员价格,Google,ChatGPT
chatgpt换行,Google,ChatGPT
chatgpt和deepseek哪个好用,Bing,ChatGPT
chatgpt和deepseek哪个好用,Google,ChatGPT
chatgpt humanizer,Bing,ChatGPT
chatgpt humanizer,Google,ChatGPT
chatgpt绘画,Google,ChatGPT
chatgpt 画图,Google,ChatGPT
chatgpt 画布,Google,ChatGPT
chatgpt 会 保密 吗,Google,ChatGPT
chatgpt 很慢,Google,ChatGPT
chatgpt或deepseek的本质是,Bing,ChatGPT
chatgpt会员多少钱,Google,ChatGPT
chatgpt会员多少钱,Bing,ChatGPT
chatgpt或deepseek的本质是什么,Bing,ChatGPT
chatgpt 您的银行卡被拒绝了。,Bing,ChatGPT
chatgpt 您的银行卡被拒绝了。,Google,ChatGPT
chatgpt next web,Bing,ChatGPT
chatgpt next web,Google,ChatGPT
chatgpt年度报告,Bing,ChatGPT
chatgpt年度报告,Google,ChatGPT
chatgpt你的请求出现问题,Google,ChatGPT
chatgpt年度总结,Bing,ChatGPT
chatgpt年度总结,Google,ChatGPT
chatgpt 你的工作空间已被停用,Google,ChatGPT
chatgpt年费,Google,ChatGPT
chatgpt 年龄 验证,Google,ChatGPT
chatgpt 年度回顾,Google,ChatGPT
chatgpt年终总结,Google,ChatGPT
chatgpt 逆向,Google,ChatGPT
chatgpt能做ppt吗,Google,ChatGPT
chatgptnet网站,Bing,ChatGPT
chatgpt veterans,Bing,ChatGPT
chatgpt veterans,Google,ChatGPT
chatgpt vs gemini,Bing,ChatGPT
chatgpt vs gemini,Google,ChatGPT
chatgpt voice,Bing,ChatGPT
chatgpt voice,Google,ChatGPT
chatgpt veterans claim,Bing,ChatGPT
chatgpt veterans claim,Google,ChatGPT
chatgpt vpn,Bing,ChatGPT
chatgpt vpn,Google,ChatGPT
chatgpt vscode,Bing,ChatGPT
chatgpt vscode,Google,ChatGPT
chatgpt visa卡被拒绝,Google,ChatGPT
chatgpt vs deepseek,Bing,ChatGPT
chatgpt vs deepseek,Google,ChatGPT
chatgpt voice mode,Bing,ChatGPT
chatgpt voice mode,Google,ChatGPT
chatgpt vpn无法访问,Bing,ChatGPT
chatgpt team,Bing,ChatGPT
chatgpt team,Google,ChatGPT
chatgpt teacher,Bing,ChatGPT
chatgpt teacher,Google,ChatGPT
chatgpt teacher k12,Bing,ChatGPT
chatgpt teacher k12,Google,ChatGPT
chatgpt teacher k12 认证,Google,ChatGPT
chatgpt team 拼车,Google,ChatGPT
chatgpt图标,Bing,ChatGPT
chatgpt图标,Google,ChatGPT
chatgpt提示词,Google,ChatGPT
chatgpt退役军人,Google,ChatGPT
chatgpt团队版,Google,ChatGPT
chatgpt team 合租,Google,ChatGPT
chatgpt to pdf,Bing,ChatGPT
chatgpt to pdf,Google,ChatGPT
chatgpt 图片,Google,ChatGPT
chatgpt team 1美元,Google,ChatGPT
chatgpt 退伍军人,Google,ChatGPT
chatgpt token,Bing,ChatGPT
chatgpt token,Google,ChatGPT
chatgpt图片,Bing,ChatGPT
chatgpt team拼车,Bing,ChatGPT
chatgpt取消订阅,Bing,ChatGPT
chatgpt取消订阅,Google,ChatGPT
chatgpt 群聊,Google,ChatGPT
chatgpt企业版,Google,ChatGPT
chatgpt取消订阅时出错,Google,ChatGPT
chatgpt 请确保您的设备安装了最新版本的google play store,Google,ChatGPT
chatgpt群聊功能,Google,ChatGPT
chatgpt切换账号,Bing,ChatGPT
chatgpt切换账号,Google,ChatGPT
chatgpt去ai指令,Google,ChatGPT
chatgpt取消自动续费,Bing,ChatGPT
chatgpt取消自动续费,Google,ChatGPT
chatgpt请求出现问题,Google,ChatGPT
chatgpt切换模型,Google,ChatGPT
chatgpt 企业版 差异,Google,ChatGPT
chatgpt 其他ai,Google,ChatGPT
chatgpt奇门遁甲,Google,ChatGPT
chatgpt 取名,Google,ChatGPT
chatgpt全称,Bing,ChatGPT
chatgpt pro,Bing,ChatGPT
chatgpt pro,Google,ChatGPT
chatgpt plus购买,Bing,ChatGPT
chatgpt plus购买,Google,ChatGPT
chatgpt拼车,Google,ChatGPT
chatgpt pulse,Bing,ChatGPT
chatgpt pulse,Google,ChatGPT
chatgpt破甲,Google,ChatGPT
chatgpt破限,Google,ChatGPT
chatgpt plus充值,Bing,ChatGPT
chatgpt plus充值,Google,ChatGPT
chatgpt pro 购买,Google,ChatGPT
chatgpt plus和pro的区别,Bing,ChatGPT
chatgpt plus和pro的区别,Google,ChatGPT
chatgpt prompt,Bing,ChatGPT
chatgpt prompt,Google,ChatGPT
chatgpt plus 价格,Google,ChatGPT
chatgpt plus账号共享,Bing,ChatGPT
chatgpt plus和普通版区别,Bing,ChatGPT
chatgpt plus多少钱,Google,ChatGPT
chatgpt plus多少钱,Bing,ChatGPT
chatgpt ppt制作,Bing,ChatGPT
chatgpt plus免费试用一个月,Bing,ChatGPT
chatgpt windows,Bing,ChatGPT
chatgpt windows,Google,ChatGPT
chatgpt windows客户端,Google,ChatGPT
chatgpt无法访问,Google,ChatGPT
chatgpt windows app,Bing,ChatGPT
chatgpt windows app,Google,ChatGPT
chatgpt无法登录,Google,ChatGPT
chatgpt为什么打不开,Google,ChatGPT
chatgpt网页,Google,ChatGPT
chatgpt windows 下载,Google,ChatGPT
chatgpt无限制,Google,ChatGPT
chatgpt网站,Google,ChatGPT
chatgpt无法上传文件,Google,ChatGPT
chatgpt维基百科,Google,ChatGPT
chatgpt web,Bing,ChatGPT
chatgpt web,Google,ChatGPT
chatgpt为什么用不了,Google,ChatGPT
chatgpt无法使用,Google,ChatGPT
chatgpt windows 客户端,Bing,ChatGPT
chatgpt网页版在线使用,Bing,ChatGPT
chatgpt网页版入口,Bing,ChatGPT
chatgpt windows下载,Bing,ChatGPT
chatgpt windows安装包,Bing,ChatGPT
chatgpt windows版,Bing,ChatGPT
chatgpt sora,Bing,ChatGPT
chatgpt sora,Google,ChatGPT
chatgpt是什么,Bing,ChatGPT
chatgpt是什么,Google,ChatGPT
chatgpt student discount,Bing,ChatGPT
chatgpt student discount,Google,ChatGPT
chatgpt status,Bing,ChatGPT
chatgpt status,Google,ChatGPT
chatgpt算命,Google,ChatGPT
chatgpt是哪家公司的,Google,ChatGPT
chatgpt 视频生成,Google,ChatGPT
chatgpt什么时候发布的,Bing,ChatGPT
chatgpt什么时候发布的,Google,ChatGPT
chatgpt生成图片,Google,ChatGPT
chatgpt升级,Google,ChatGPT
chatgpt试用,Google,ChatGPT
chatgpt是一个什么样的模型,Bing,ChatGPT
chatgpt是哪个公司的,Bing,ChatGPT
chatgpt unable to load site,Bing,ChatGPT
chatgpt unable to load site,Google,ChatGPT
chatgpt update,Bing,ChatGPT
chatgpt update,Google,ChatGPT
chatgpt unable to load conversation,Bing,ChatGPT
chatgpt unable to load conversation,Google,ChatGPT
chatgpt unable to load site怎么办,Google,ChatGPT
chatgpt upgrade,Bing,ChatGPT
chatgpt upgrade,Google,ChatGPT
chatgpt unable to load site怎么解决,Bing,ChatGPT
chatgpt unable to load怎么解决,Bing,ChatGPT
chatgpt认证,Google,ChatGPT
chatgpt软件,Bing,ChatGPT
chatgpt软件,Google,ChatGPT
chatgpt如何修改密码,Google,ChatGPT
chatgpt润色指令,Bing,ChatGPT
chatgpt润色指令,Google,ChatGPT
chatgpt如何取消订阅,Google,ChatGPT
chatgpt如何换行,Google,ChatGPT
chatgpt如何退出登录,Google,ChatGPT
chatgpt如何解除限制,Google,ChatGPT
chatgpt release date,Bing,ChatGPT
chatgpt release date,Google,ChatGPT
chatgpt入口,Google,ChatGPT
chatgpt register,Bing,ChatGPT
chatgpt register,Google,ChatGPT
chatgpt如何生成视频,Google,ChatGPT
chatgpt如何使用,Bing,ChatGPT
chatgpt如何使用,Google,ChatGPT
chatgpt入口网页版,Bing,ChatGPT
chatgpt软件下载,Bing,ChatGPT
chatgpt润色论文指令,Bing,ChatGPT
chatgpt账号,Bing,ChatGPT
chatgpt账号,Google,ChatGPT
chatgpt注册,Google,ChatGPT
chatgpt zero,Bing,ChatGPT
chatgpt zero,Google,ChatGPT
chatgpt桌面版,Bing,ChatGPT
chatgpt桌面版,Google,ChatGPT
chatgpt账号购买,Google,ChatGPT
chatgpt中文,Google,ChatGPT
chatgpt支付方式,Google,ChatGPT
chatgpt在线,Google,ChatGPT
chatgpt桌面版下载,Google,ChatGPT
chatgpt账号注册,Bing,ChatGPT
chatgpt账号注册,Google,ChatGPT
chatgpt怎么下载,Google,ChatGPT
chatgpt 中文 版 下载 安卓,Google,ChatGPT
chatgpt怎么解除限制,Google,ChatGPT
chatgpt怎么付费,Google,ChatGPT
chatgpt中文版网页,Bing,ChatGPT
chatgpt中文版下载,Bing,ChatGPT
chatgpt在线使用,Bing,ChatGPT
chatgpt中文官网,Bing,ChatGPT
chatgpt 中文版使用网站,Bing,ChatGPT
chatgpt 会员 api,Bing,ChatGPT 会员
chatgpt会员共享,Bing,ChatGPT 会员
chatgpt会员充值,Bing,ChatGPT 会员
chatgpt会员代充,Bing,ChatGPT 会员
chatgpt会员怎么买,Google,ChatGPT 会员
chatgpt会员怎么买,Bing,ChatGPT 会员
chatgpt会员账号,Bing,ChatGPT 会员
chatgpt会员有什么用,Google,ChatGPT 会员
chatgpt会员有什么用,Bing,ChatGPT 会员
chatgpt 会员优惠,Bing,ChatGPT 会员
chatgpt 会员 dcard,Google,ChatGPT 会员
chatgpt会员订阅,Google,ChatGPT 会员
chatgpt 会员 代购,Google,ChatGPT 会员
chatgpt 会员 代 充,Bing,ChatGPT 会员
chatgpt 会员登录,Bing,ChatGPT 会员
chatgpt会员多少钱一个月,Bing,ChatGPT 会员
chatgpt会员等级,Bing,ChatGPT 会员
chatgpt会员代充值,Bing,ChatGPT 会员
chatgpt会员多少钱一年,Bing,ChatGPT 会员
chatgpt会员兑换码,Bing,ChatGPT 会员
chatgpt学生优惠,Bing,ChatGPT
chatgpt学生优惠,Google,ChatGPT
chatgpt下载windows,Bing,ChatGPT
chatgpt下载windows,Google,ChatGPT
chatgpt 下载 安卓,Google,ChatGPT
chatgpt 下载 apk,Google,ChatGPT
chatgpt 下载 到 手机,Google,ChatGPT
chatgpt修改密码,Google,ChatGPT
chatgpt虚拟卡,Google,ChatGPT
chatgpt续费,Google,ChatGPT
chatgpt限额,Google,ChatGPT
chatgpt 信用卡,Google,ChatGPT
chatgpt学生认证,Bing,ChatGPT
chatgpt学生认证,Google,ChatGPT
chatgpt下载安装,Google,ChatGPT
chatgpt 下载 mac,Google,ChatGPT
chatgpt信用卡被拒绝,Google,ChatGPT
chatgpt下载电脑版,Bing,ChatGPT
chatgpt下载安卓,Bing,ChatGPT
chatgpt下载电脑版官网,Bing,ChatGPT
chatgpt下载apk,Bing,ChatGPT
chatgpt学术版,Bing,ChatGPT
chatgpt消息流中的错误,Bing,ChatGPT
chatgpt会员差异,Google,ChatGPT 会员
chatgpt 会员 价格,Google,ChatGPT 会员
chatgpt会员出租,Bing,ChatGPT 会员
chatgpt会员次数,Bing,ChatGPT 会员
购买chatgpt会员,Bing,ChatGPT 会员
chatgpt越狱,Bing,ChatGPT
chatgpt越狱,Google,ChatGPT
chatgpt 银行卡被拒绝,Bing,ChatGPT
chatgpt 银行卡被拒绝,Google,ChatGPT
chatgpt 优惠,Google,ChatGPT
chatgpt 越狱 新版 咒语 2025,Google,ChatGPT
chatgpt一年,Google,ChatGPT
chatgpt应用,Bing,ChatGPT
chatgpt应用,Google,ChatGPT
chatgpt用不了,Google,ChatGPT
chatgpt 印度,Google,ChatGPT
chatgpt银行卡,Google,ChatGPT
chatgpt语音对话,Bing,ChatGPT
chatgpt语音对话,Google,ChatGPT
chatgpt 语音,Google,ChatGPT
chatgpt有app吗,Bing,ChatGPT
chatgpt有app吗,Google,ChatGPT
chatgpt一个月多少钱,Bing,ChatGPT
chatgpt一个月多少钱,Google,ChatGPT
chatgpt银行卡被拒,Google,ChatGPT
chatgpt 越狱 最新,Google,ChatGPT
chatgpt要钱吗,Bing,ChatGPT
chatgpt 研究与学习,Bing,ChatGPT
chatgpt有windows客户端吗,Bing,ChatGPT
chatgpt会员优惠,Google,ChatGPT 会员
chatgpt会员怎么开,Bing,ChatGPT 会员
chatgpt会员怎么开,Google,ChatGPT 会员
chatgpt 会员费用,Google,ChatGPT 会员
chatgpt 会员差异,Google,ChatGPT 会员
chatgpt会员费,Google,ChatGPT 会员
chatgpt会员可以共用吗,Google,ChatGPT 会员
chatgpt会员和非会员的区别,Bing,ChatGPT 会员
chatgpt会员和非会员的区别,Google,ChatGPT 会员
chatgpt会员领取,Google,ChatGPT 会员
chatgpt 会员 版,Google,ChatGPT 会员
chatgpt business会员,Google,ChatGPT 会员
chatgpt 会员 便宜,Google,ChatGPT 会员
chatgpt开会员,Google,ChatGPT 会员
chatgpt还能注册吗,Google,ChatGPT 会员
chatgpt会员版,Bing,ChatGPT 会员
chatgpt会员开通,Bing,ChatGPT 会员
chatgpt 会员号,Google,ChatGPT 会员
chatgpt 会员 太 贵,Google,ChatGPT 会员
chatgpt 会员 低 价,Google,ChatGPT 会员
chatgpt 会员版本,Google,ChatGPT 会员
chatgpt 会员 香港,Google,ChatGPT 会员
chatgpt 会员 方案,Google,ChatGPT 会员
chatgpt 会员 比较,Google,ChatGPT 会员
chatgpt 会员 有 必要 吗,Google,ChatGPT 会员
chatgpt 一 日 会员,Google,ChatGPT 会员
chatgpt 非 会员,Google,ChatGPT 会员
chatgpt 会员 可以 干 嘛,Google,ChatGPT 会员
chatgpt 会员活动,Bing,ChatGPT 会员
chatgpt会员合租,Bing,ChatGPT 会员
chatgpt 会员和api哪个划算,Bing,ChatGPT 会员
chatgpt会员和非会员区别,Bing,ChatGPT 会员
chatgpt 会员 功能,Google,ChatGPT 会员
chatgpt 会员 限制,Google,ChatGPT 会员
chatgpt会员可以几个人用,Bing,ChatGPT 会员
chatgpt会员可以几个人用,Google,ChatGPT 会员
chatgpt会员限额,Google,ChatGPT 会员
chatgpt会员教程,Google,ChatGPT 会员
chatgpt 会员 介绍,Google,ChatGPT 会员
chatgpt 会员 好处,Google,ChatGPT 会员
chatgpt 会员 和 非 会员 的 区别,Google,ChatGPT 会员
chatgpt 高级 会员,Google,ChatGPT 会员
chatgpt plus会员限制,Google,ChatGPT 会员
chatgpt 家庭 会员,Google,ChatGPT 会员
chatgpt pro 会员 共享,Google,ChatGPT 会员
chatgpt 会员 有 限制 吗,Google,ChatGPT 会员
chatgpt会员可以共享吗,Bing,ChatGPT 会员
chatgpt会员可以开发票吗,Bing,ChatGPT 会员
chatgpt会员可以免费调用api吗,Bing,ChatGPT 会员
chatgpt会员开发票,Bing,ChatGPT 会员
chatgpt会员可以及个人用,Bing,ChatGPT 会员
chatgpt 会员 号,Google,ChatGPT 会员
chatgpt 会员 学生,Google,ChatGPT 会员
chatgpt go 会员,Google,ChatGPT 会员
chatgpt 会员,Google,ChatGPT 会员
chatgpt会员功能,Bing,ChatGPT 会员
chatgpt会员购买网站,Bing,ChatGPT 会员
chatgpt 会员积分,Bing,ChatGPT 会员
chatgpt会员镜像,Bing,ChatGPT 会员
chatgpt 会员反馈,Bing,ChatGPT 会员
chatgpt 会员费,Bing,ChatGPT 会员
chatgpt会员付款,Bing,ChatGPT 会员
chatgpt会员费用,Bing,ChatGPT 会员
chatgpt会员发票,Bing,ChatGPT 会员
chatgpt会员费多少钱,Bing,ChatGPT 会员
chatgpt 会员 一个 月 多少 钱,Google,ChatGPT 会员
chatgpt 会员 一天,Google,ChatGPT 会员
chatgpt 会员 一 年,Google,ChatGPT 会员
chatgpt 会员 如何 购买,Google,ChatGPT 会员
chatgpt 会员 一个 月,Google,ChatGPT 会员
chatgpt 会员 一 年 多少 钱,Google,ChatGPT 会员
chatgpt 4o 永久 会员,Google,ChatGPT 会员
chatgpt 会员 免费,Google,ChatGPT 会员
chatgpt 会员 跨 区,Google,ChatGPT 会员
chatgpt 会员 怎么 买,Google,ChatGPT 会员
chatgpt 会员 有 什么 用,Google,ChatGPT 会员
chatgpt会员免费,Bing,ChatGPT 会员
chatgpt会员免费领取,Bing,ChatGPT 会员
chatgpt 会员 收费,Google,ChatGPT 会员
chatgpt 送 会员,Google,ChatGPT 会员
chatgpt会员拼车,Bing,ChatGPT 会员
chatgpt会员拼单,Bing,ChatGPT 会员
chatgpt会员破解版,Bing,ChatGPT 会员
chatgpt会员能几个人共享,Bing,ChatGPT 会员
chatgpt会员能用苹果储值卡订阅吗,Bing,ChatGPT 会员
chatgpt会员权益,Bing,ChatGPT 会员
chatgpt 会员特权,Bing,ChatGPT 会员
chatgpt会员套餐,Bing,ChatGPT 会员
chatgpt 会员 差异,Google,ChatGPT 会员
chatgpt会员s权益,Bing,ChatGPT 会员
chatgpt 会员收费,Bing,ChatGPT 会员
chatgpt会员如何购买,Bing,ChatGPT 会员
chatgpt会员银行卡被拒绝,Bing,ChatGPT 会员
chatgpt会员账号购买,Bing,ChatGPT 会员
chatgpt会员账号购买,Google,ChatGPT 会员
chatgpt 会员 次数,Google,ChatGPT 会员
chatgpt 会员 上限,Google,ChatGPT 会员
chatgpt 需要 会员 吗,Google,ChatGPT 会员
chatgpt会员怎么取消,Bing,ChatGPT 会员
chatgpt会员账号共享,Bing,ChatGPT 会员
chatgpt会员怎么充值,Bing,ChatGPT 会员
chatgpt会员怎么购买,Bing,ChatGPT 会员
chatgpt会员怎么冲,Bing,ChatGPT 会员
chatgpt会员怎么开通,Bing,ChatGPT 会员
chatgpt会员支付失败,Bing,ChatGPT 会员
chatgpt会员怎么购买最便宜,Bing,ChatGPT 会员
chatgpt plus api,Bing,ChatGPT Plus
chatgpt plus api,Google,ChatGPT Plus
chatgpt plus api额度,Google,ChatGPT Plus
chatgpt plus api key,Bing,ChatGPT Plus
chatgpt plus api key,Google,ChatGPT Plus
chatgpt plus api 费用,Google,ChatGPT Plus
chatgpt plus account,Bing,ChatGPT Plus
chatgpt plus account,Google,ChatGPT Plus
chatgpt plus 拼车,Google,ChatGPT Plus
chatgpt plus账号,Google,ChatGPT Plus
chatgpt plus 区别,Bing,ChatGPT Plus
chatgpt plus 区别,Google,ChatGPT Plus
chatgpt plus试用,Bing,ChatGPT Plus
chatgpt plus试用,Google,ChatGPT Plus
chatgpt plus free,Bing,ChatGPT Plus
chatgpt plus free,Google,ChatGPT Plus
chatgpt plus 免费,Google,ChatGPT Plus
chatgpt plus price,Bing,ChatGPT Plus
chatgpt plus price,Google,ChatGPT Plus
chatgpt plus 订阅,Google,ChatGPT Plus
chatgpt plus 会员,Google,ChatGPT Plus
chatgpt plus 功能,Bing,ChatGPT Plus
chatgpt plus 功能,Google,ChatGPT Plus
chatgpt plus 您 的 银行 卡 被 拒绝 了,Google,ChatGPT Plus
chatgpt plus限制,Bing,ChatGPT Plus
chatgpt plus 代充,Bing,ChatGPT Plus
chatgpt会员有用吗,Google,ChatGPT 会员
chatgpt 会员 好 用 吗,Google,ChatGPT 会员
chatgpt plus 会员 有 什么 用,Google,ChatGPT 会员
chatgpt 要买 会员 吗,Google,ChatGPT 会员
chatgpt会员一个月多少钱,Bing,ChatGPT 会员
chatgpt会员一年多少钱,Bing,ChatGPT 会员
chatgpt会员有api吗,Bing,ChatGPT 会员
chatgpt会员一天,Bing,ChatGPT 会员
chatgpt会员有什么功能,Bing,ChatGPT 会员
chatgpt会员有必要买吗,Bing,ChatGPT 会员
chatgpt会员有字数限制吗,Bing,ChatGPT 会员
chatgpt会员有次数限制吗,Bing,ChatGPT 会员
chatgpt plus版,Bing,ChatGPT Plus
chatgpt plus版,Google,ChatGPT Plus
chatgpt plus版本,Google,ChatGPT Plus
chatgpt plus business 比较,Google,ChatGPT Plus
chatgpt plus 报 帐,Google,ChatGPT Plus
chatgpt plus buy,Bing,ChatGPT Plus
chatgpt plus buy,Google,ChatGPT Plus
chatgpt plus 比较,Google,ChatGPT Plus
chatgpt plus business,Bing,ChatGPT Plus
chatgpt plus business,Google,ChatGPT Plus
chatgpt plus black friday,Bing,ChatGPT Plus
chatgpt plus black friday,Google,ChatGPT Plus
chatgpt plus business 違い,Bing,ChatGPT Plus
chatgpt plus codex 额度,Google,ChatGPT Plus
chatgpt plus 差别,Google,ChatGPT Plus
chatgpt plus codex,Bing,ChatGPT Plus
chatgpt plus codex,Google,ChatGPT Plus
chatgpt plus codex 限制,Google,ChatGPT Plus
chatgpt plus 次数限制,Google,ChatGPT Plus
chatgpt plus codex 够用吗,Google,ChatGPT Plus
chatgpt plus deep research limit,Bing,ChatGPT Plus
chatgpt plus deep research limit,Google,ChatGPT Plus
chatgpt plus的使用限制,Google,ChatGPT Plus
chatgpt plus 大兵,Google,ChatGPT Plus
chatgpt plus 订阅 优惠,Google,ChatGPT Plus
chatgpt plus discount,Bing,ChatGPT Plus
chatgpt plus discount,Google,ChatGPT Plus
chatgpt plus 档案上传限制,Google,ChatGPT Plus
chatgpt plus兑换码,Google,ChatGPT Plus
chatgpt plus 登入,Google,ChatGPT Plus
chatgpt plus的限制,Google,ChatGPT Plus
chatgpt plus 对话上限,Google,ChatGPT Plus
chatgpt plus 打折,Google,ChatGPT Plus
chatgpt plus的功能,Google,ChatGPT Plus
chatgpt plus deep research 制限,Bing,ChatGPT Plus
chatgpt plus 额度,Google,ChatGPT Plus
chatgpt plus education,Bing,ChatGPT Plus
chatgpt plus education,Google,ChatGPT Plus
chatgpt plus education discount,Bing,ChatGPT Plus
chatgpt plus education discount,Google,ChatGPT Plus
chatgpt plus estudiantes,Bing,ChatGPT Plus
chatgpt plus estudiantes,Google,ChatGPT Plus
chatgpt plus etudiant,Bing,ChatGPT Plus
chatgpt plus etudiant,Google,ChatGPT Plus
chatgpt plus előfizetés,Bing,ChatGPT Plus
chatgpt plus előfizetés,Google,ChatGPT Plus
chatgpt plus extension,Bing,ChatGPT Plus
chatgpt plus extension,Google,ChatGPT Plus
chatgpt plus free trial,Bing,ChatGPT Plus
chatgpt plus free trial,Google,ChatGPT Plus
chatgpt plus free for students,Bing,ChatGPT Plus
chatgpt plus free for students,Google,ChatGPT Plus
chatgpt plus for students,Bing,ChatGPT Plus
chatgpt plus for students,Google,ChatGPT Plus
chatgpt plus 付款方式,Google,ChatGPT Plus
chatgpt plus 费用,Google,ChatGPT Plus
chatgpt plus 付款,Google,ChatGPT Plus
chatgpt plus 发票,Google,ChatGPT Plus
chatgpt plus 封号,Google,ChatGPT Plus
chatgpt plus image generation limit,Bing,ChatGPT Plus
chatgpt plus image generation limit,Google,ChatGPT Plus
chatgpt plus ipa,Bing,ChatGPT Plus
chatgpt plus ipa,Google,ChatGPT Plus
chatgpt plus image upload limit,Bing,ChatGPT Plus
chatgpt plus image upload limit,Google,ChatGPT Plus
chatgpt plus 购买,Google,ChatGPT Plus
chatgpt plus 购买 国内,Google,ChatGPT Plus
chatgpt plus 购买 支付宝,Google,ChatGPT Plus
chatgpt plus 共用,Google,ChatGPT Plus
chatgpt plus 共用 dcard,Google,ChatGPT Plus
chatgpt plus gemini pro 比较,Google,ChatGPT Plus
chatgpt plus跟pro差别,Google,ChatGPT Plus
chatgpt plus 购买不成功,Google,ChatGPT Plus
chatgpt plus 共用 ptt,Google,ChatGPT Plus
chatgpt plus gratis,Bing,ChatGPT Plus
chatgpt plus gratis,Google,ChatGPT Plus
chatgpt plus购买教程,Bing,ChatGPT Plus
chatgpt plus购买教程,Google,ChatGPT Plus
chatgpt plus github,Bing,ChatGPT Plus
chatgpt plus github,Google,ChatGPT Plus
chatgpt plus 共享,Bing,ChatGPT Plus
chatgpt plus和pro,Google,ChatGPT Plus
chatgpt plus和team的区别,Bing,ChatGPT Plus
chatgpt plus和team的区别,Google,ChatGPT Plus
chatgpt plus和普通版的区别,Google,ChatGPT Plus
chatgpt plus和business,Google,ChatGPT Plus
chatgpt plus好用吗,Google,ChatGPT Plus
chatgpt plus会员1年免费过美军认证教程,Google,ChatGPT Plus
chatgpt plus和chatgpt的区别,Google,ChatGPT Plus
chatgpt plus和business的区别,Google,ChatGPT Plus
chatgpt plus how much,Bing,ChatGPT Plus
chatgpt plus how much,Google,ChatGPT Plus
chatgpt plus和gemini pro,Google,ChatGPT Plus
chatgpt plus 很慢,Google,ChatGPT Plus
chatgpt plus 会员一年 0 元购分享,Google,ChatGPT Plus
chatgpt plus会员,Bing,ChatGPT Plus
chatgpt plus 画像生成 制限,Bing,ChatGPT Plus
chatgpt plus 开通,Google,ChatGPT Plus
chatgpt plus 可以几个人用,Google,ChatGPT Plus
chatgpt plus 可以共用吗,Google,ChatGPT Plus
chatgpt plus可以使用codex吗,Google,ChatGPT Plus
chatgpt plus可以上传多少文件,Google,ChatGPT Plus
chatgpt plus kosten,Bing,ChatGPT Plus
chatgpt plus kosten,Google,ChatGPT Plus
chatgpt plus 跨区,Google,ChatGPT Plus
chatgpt plus 可以上传多少照片,Google,ChatGPT Plus
chatgpt plus可以用sora吗,Google,ChatGPT Plus
chatgpt plus key,Bing,ChatGPT Plus
chatgpt plus key,Google,ChatGPT Plus
chatgpt plus kaufen,Bing,ChatGPT Plus
chatgpt plus kaufen,Google,ChatGPT Plus
chatgpt plus 可以多人使用吗,Google,ChatGPT Plus
chatgpt plus kostenlos,Bing,ChatGPT Plus
chatgpt plus kostenlos,Google,ChatGPT Plus
chatgpt plus 可以用 paypal 吗,Bing,ChatGPT Plus
chatgpt plus可以几个人用,Bing,ChatGPT Plus
chatgpt plus 军人认证,Bing,ChatGPT Plus
chatgpt plus 军人认证,Google,ChatGPT Plus
chatgpt plus 军人,Google,ChatGPT Plus
chatgpt plus 家庭共享,Google,ChatGPT Plus
chatgpt plus镜像站,Google,ChatGPT Plus
chatgpt plus降智,Google,ChatGPT Plus
chatgpt plus介绍,Google,ChatGPT Plus
chatgpt plus 家庭,Google,ChatGPT Plus
chatgpt plus 家庭方案,Google,ChatGPT Plus
chatgpt plus 教育版,Google,ChatGPT Plus
chatgpt plus价格,Bing,ChatGPT Plus
chatgpt plus 解約,Bing,ChatGPT Plus
chatgpt plus镜像,Bing,ChatGPT Plus
chatgpt plus 解約方法,Bing,ChatGPT Plus
chatgpt plus 金額,Bing,ChatGPT Plus
chatgpt plus 家族利用,Bing,ChatGPT Plus
chatgpt plus 解約できない,Bing,ChatGPT Plus
chatgpt plus limit,Bing,ChatGPT Plus
chatgpt plus limit,Google,ChatGPT Plus
chatgpt plus 礼品卡,Google,ChatGPT Plus
chatgpt plus 礼赠,Google,ChatGPT Plus
chatgpt plus 老兵,Google,ChatGPT Plus
chatgpt plus login,Bing,ChatGPT Plus
chatgpt plus login,Google,ChatGPT Plus
chatgpt plus 料金,Bing,ChatGPT Plus
chatgpt plus 料金 日本円,Bing,ChatGPT Plus
chatgpt plus pro,Bing,ChatGPT Plus
chatgpt plus pro,Google,ChatGPT Plus
chatgpt plus pro 区别,Google,ChatGPT Plus
chatgpt plus pro 比较,Google,ChatGPT Plus
chatgpt plus prix,Bing,ChatGPT Plus
chatgpt plus prix,Google,ChatGPT Plus
chatgpt plus plan,Bing,ChatGPT Plus
chatgpt plus plan,Google,ChatGPT Plus
chatgpt plus pro 比較,Bing,ChatGPT Plus
chatgpt plus pro 違い,Bing,ChatGPT Plus
chatgpt plus免费试用,Google,ChatGPT Plus
chatgpt plus 免费一个月,Google,ChatGPT Plus
chatgpt plus 免费 试用 30 天,Google,ChatGPT Plus
chatgpt plus 免费一年,Google,ChatGPT Plus
chatgpt plus 免费 试用 一个 月,Google,ChatGPT Plus
chatgpt plus免费使用,Google,ChatGPT Plus
chatgpt plus每天限制,Google,ChatGPT Plus
chatgpt plus 美军,Google,ChatGPT Plus
chatgpt plus message limit,Bing,ChatGPT Plus
chatgpt plus message limit,Google,ChatGPT Plus
chatgpt plus 模型,Google,ChatGPT Plus
chatgpt plus 免費,Bing,ChatGPT Plus
chatgpt plus 免费试用 30 天,Bing,ChatGPT Plus
chatgpt plus one month free,Bing,ChatGPT Plus
chatgpt plus one month free,Google,ChatGPT Plus
chatgpt plus openai 学生 专属,Google,ChatGPT Plus
chatgpt plus or pro,Bing,ChatGPT Plus
chatgpt plus or pro,Google,ChatGPT Plus
chatgpt plus offer,Bing,ChatGPT Plus
chatgpt plus offer,Google,ChatGPT Plus
chatgpt plus o1限制,Bing,ChatGPT Plus
chatgpt plus 权益,Google,ChatGPT Plus
chatgpt plus 取消订阅,Google,ChatGPT Plus
chatgpt plus 取消,Google,ChatGPT Plus
chatgpt plus quota,Bing,ChatGPT Plus
chatgpt plus quota,Google,ChatGPT Plus
chatgpt plus que incluye,Bing,ChatGPT Plus
chatgpt plus que incluye,Google,ChatGPT Plus
chatgpt plus quanto custa,Bing,ChatGPT Plus
chatgpt plus quanto custa,Google,ChatGPT Plus
chatgpt plus 契約,Bing,ChatGPT Plus
chatgpt plus 情報漏洩,Bing,ChatGPT Plus
chatgpt plus 價錢,Bing,ChatGPT Plus
chatgpt plus 契約方法,Bing,ChatGPT Plus
chatgpt plus 取消訂閱,Bing,ChatGPT Plus
chatgpt plus 年付,Google,ChatGPT Plus
chatgpt plus 年缴,Google,ChatGPT Plus
chatgpt plus能做什么,Google,ChatGPT Plus
chatgpt plus 年 费,Google,ChatGPT Plus
chatgpt plus 尼日利亚,Google,ChatGPT Plus
chatgpt plus 年缴方案,Google,ChatGPT Plus
chatgpt plus 您的信用卡被拒绝了请尝试用借记卡支付,Google,ChatGPT Plus
chatgpt plus 内容,Bing,ChatGPT Plus
chatgpt plus 内容,Google,ChatGPT Plus
chatgpt plus 年,Google,ChatGPT Plus
chatgpt plus功能,Google,ChatGPT Plus
chatgpt plus 您的银行卡被拒绝了,Bing,ChatGPT Plus
chatgpt plus 年払い,Bing,ChatGPT Plus
chatgpt plus 年間プラン,Bing,ChatGPT Plus
chatgpt plus student,Bing,ChatGPT Plus
chatgpt plus student,Google,ChatGPT Plus
chatgpt plus subscription,Bing,ChatGPT Plus
chatgpt plus subscription,Google,ChatGPT Plus
chatgpt plus 收费,Google,ChatGPT Plus
chatgpt plus student discount,Bing,ChatGPT Plus
chatgpt plus student discount,Google,ChatGPT Plus
chatgpt plus 使用 限制,Google,ChatGPT Plus
chatgpt plus 上传图片限制,Google,ChatGPT Plus
chatgpt plus 上传档案限制,Google,ChatGPT Plus
chatgpt plus 上传 额度 已 用 罄,Google,ChatGPT Plus
chatgpt plus 试用一个月,Google,ChatGPT Plus
chatgpt plus是什么,Google,ChatGPT Plus
chatgpt plus 上传 图片 次数,Google,ChatGPT Plus
chatgpt plus认证,Google,ChatGPT Plus
chatgpt plus如何购买,Google,ChatGPT Plus
chatgpt plus如何取消订阅,Google,ChatGPT Plus
chatgpt plus rate limit,Bing,ChatGPT Plus
chatgpt plus rate limit,Google,ChatGPT Plus
chatgpt plus rate,Bing,ChatGPT Plus
chatgpt plus rate,Google,ChatGPT Plus
chatgpt plus 如何取消,Google,ChatGPT Plus
chatgpt plus 如何 共用,Google,ChatGPT Plus
chatgpt plus 日本円,Bing,ChatGPT Plus
chatgpt plus 如何取消自动扣费/订阅,Bing,ChatGPT Plus
chatgpt plus vs pro,Bing,ChatGPT Plus
chatgpt plus vs pro,Google,ChatGPT Plus
chatgpt plus vs business,Bing,ChatGPT Plus
chatgpt plus vs business,Google,ChatGPT Plus
chatgpt plus vs free,Bing,ChatGPT Plus
chatgpt plus vs free,Google,ChatGPT Plus
chatgpt plus vs gemini pro,Bing,ChatGPT Plus
chatgpt plus vs gemini pro,Google,ChatGPT Plus
chatgpt plus vs go,Bing,ChatGPT Plus
chatgpt plus vs go,Google,ChatGPT Plus
chatgpt plus vs chatgpt pro,Bing,ChatGPT Plus
chatgpt plus vs chatgpt pro,Google,ChatGPT Plus
chatgpt plus usage limits,Bing,ChatGPT Plus
chatgpt plus usage limits,Google,ChatGPT Plus
chatgpt plus upload limit,Bing,ChatGPT Plus
chatgpt plus upload limit,Google,ChatGPT Plus
chatgpt plus usdt,Bing,ChatGPT Plus
chatgpt plus usdt,Google,ChatGPT Plus
chatgpt plus unlimited,Bing,ChatGPT Plus
chatgpt plus unlimited,Google,ChatGPT Plus
chatgpt plus upload limit per day,Bing,ChatGPT Plus
chatgpt plus upload limit per day,Google,ChatGPT Plus
chatgpt plus uk,Bing,ChatGPT Plus
chatgpt plus uk,Google,ChatGPT Plus
chatgpt plus upload file limit,Bing,ChatGPT Plus
chatgpt plus upload file limit,Google,ChatGPT Plus
chatgpt plus 套餐,Google,ChatGPT Plus
chatgpt plus 台湾,Google,ChatGPT Plus
chatgpt plus 图片生成次数,Google,ChatGPT Plus
chatgpt plus 图片生成限制,Google,ChatGPT Plus
chatgpt plus 退订,Google,ChatGPT Plus
chatgpt plus 图片上传限制,Google,ChatGPT Plus
chatgpt plus 图片,Google,ChatGPT Plus
chatgpt plus 台湾 信用卡,Google,ChatGPT Plus
chatgpt plus trial,Bing,ChatGPT Plus
chatgpt plus trial,Google,ChatGPT Plus
chatgpt plus 土耳其价格,Google,ChatGPT Plus
chatgpt plus team差异,Google,ChatGPT Plus
chatgpt plus 特价,Google,ChatGPT Plus
chatgpt plus team,Bing,ChatGPT Plus
chatgpt plus team,Google,ChatGPT Plus
chatgpt plus team 区别,Bing,ChatGPT Plus
chatgpt plus team 違い,Bing,ChatGPT Plus
chatgpt plus 香港,Google,ChatGPT Plus
chatgpt plus 限制,Google,ChatGPT Plus
chatgpt plus 限额,Google,ChatGPT Plus
chatgpt plus 香港 付费,Google,ChatGPT Plus
chatgpt plus 信用卡,Bing,ChatGPT Plus
chatgpt plus 信用卡,Google,ChatGPT Plus
chatgpt plus 香港 付款,Google,ChatGPT Plus
chatgpt plus 香港 lihkg,Google,ChatGPT Plus
chatgpt plus 限制 次数,Google,ChatGPT Plus
chatgpt plus 虚拟信用卡,Google,ChatGPT Plus
chatgpt plus心得ptt,Google,ChatGPT Plus
chatgpt plus 心得 dcard,Google,ChatGPT Plus
chatgpt plus 心得,Google,ChatGPT Plus
chatgpt plus 香港 android,Google,ChatGPT Plus
chatgpt plus 信用卡被拒绝,Google,ChatGPT Plus
chatgpt plus 限制 2025,Google,ChatGPT Plus
chatgpt plus限额,Bing,ChatGPT Plus
chatgpt plus 心得 ptt,Bing,ChatGPT Plus
chatgpt plus 信用卡优惠,Bing,ChatGPT Plus
chatgpt plus 信用卡安全,Bing,ChatGPT Plus
chatgpt plus 信用卡攻略,Bing,ChatGPT Plus
chatgpt plus 信用卡比较,Bing,ChatGPT Plus
chatgpt plus 学習させない,Bing,ChatGPT Plus
chatgpt plus 无法 上传 图片,Google,ChatGPT Plus
chatgpt plus worth it,Bing,ChatGPT Plus
chatgpt plus worth it,Google,ChatGPT Plus
chatgpt plus 无法 购买,Google,ChatGPT Plus
chatgpt plus 我们 未 能 验证 您 的 支付 方式 请 选择 另 一 支付 方式 并重 试,Google,ChatGPT Plus
chatgpt plus worth it reddit,Bing,ChatGPT Plus
chatgpt plus worth it reddit,Google,ChatGPT Plus
chatgpt plus 一年,Google,ChatGPT Plus
chatgpt plus 有什么功能,Google,ChatGPT Plus
chatgpt plus 有什么区别,Google,ChatGPT Plus
chatgpt plus 银行卡被拒绝,Bing,ChatGPT Plus
chatgpt plus 银行卡被拒绝,Google,ChatGPT Plus
chatgpt plus 印度,Google,ChatGPT Plus
chatgpt plus有什么用,Google,ChatGPT Plus
chatgpt plus一个月多少钱,Bing,ChatGPT Plus
chatgpt plus一个月多少钱,Google,ChatGPT Plus
chatgpt plus 应用内购买目前不可用,Google,ChatGPT Plus
chatgpt plus有必要吗,Google,ChatGPT Plus
chatgpt plus有上限吗,Google,ChatGPT Plus
chatgpt plus 银联,Bing,ChatGPT Plus
chatgpt plus 银联,Google,ChatGPT Plus
chatgpt plus 用量,Google,ChatGPT Plus
chatgpt plus 银行卡,Google,ChatGPT Plus
chatgpt plus一个月免费,Google,ChatGPT Plus
chatgpt plus有什么限制,Google,ChatGPT Plus
chatgpt plus 优惠,Bing,ChatGPT Plus
chatgpt plus有次数限制吗,Bing,ChatGPT Plus
chatgpt plus 月額,Bing,ChatGPT Plus
chatgpt plus 英会話,Bing,ChatGPT Plus
chatgpt plus 有料 違い,Bing,ChatGPT Plus
chatgpt plus 月の途中,Bing,ChatGPT Plus
chatgpt plus 有料プラン,Bing,ChatGPT Plus
chatgpt合租平台,Bing,ChatGPT 合租
chatgpt合租平台,Google,ChatGPT 合租
chatgpt 合租 dcard,Google,ChatGPT 合租
chatgpt 合租 ptt,Google,ChatGPT 合租
chatgpt 合租面板,Bing,ChatGPT 合租
chatgpt合租网站,Bing,ChatGPT 合租
chatgpt合租教程,Bing,ChatGPT 合租
chatgpt合租不会顶号吗,Bing,ChatGPT 合租
chatgpt plus合租,Bing,ChatGPT 合租
chatgpt账号合租,Bing,ChatGPT 合租
chatgpt plus 账号 购买,Google,ChatGPT Plus
chatgpt plus 支付宝,Google,ChatGPT Plus
chatgpt plus 值得买吗,Google,ChatGPT Plus
chatgpt plus 中国购买,Google,ChatGPT Plus
chatgpt plus 值得吗,Google,ChatGPT Plus
chatgpt plus 怎么用,Google,ChatGPT Plus
chatgpt plus 中国 信用卡 不能 用,Google,ChatGPT Plus
chatgpt plus 怎么买比较便宜,Google,ChatGPT Plus
chatgpt plus 账号 充值,Google,ChatGPT Plus
chatgpt plus怎么样,Google,ChatGPT Plus
chatgpt plus 转 api,Google,ChatGPT Plus
chatgpt plus 照片 上传 限制,Google,ChatGPT Plus
chatgpt plus 最 便宜 国家,Google,ChatGPT Plus
chatgpt plus 中国visa,Google,ChatGPT Plus
chatgpt plus账号购买,Bing,ChatGPT Plus
chatgpt plus 制限,Bing,ChatGPT Plus
chatgpt plus怎么购买,Bing,ChatGPT Plus
chatgpt plus账号租用,Bing,ChatGPT Plus
chatgpt plus值得买吗,Bing,ChatGPT Plus
chatgpt plus 値段,Bing,ChatGPT Plus
chatgpt plus 账号 共享 购买,Bing,ChatGPT Plus
chatgpt plus 支払い方法,Bing,ChatGPT Plus
chatgpt plus 支払い方法 法人,Bing,ChatGPT Plus
chatgpt pro合租,Bing,ChatGPT 合租
chatgpt business 合租,Google,ChatGPT 合租
chatgpt企业版合租,Bing,ChatGPT 合租
chatgpt企业版合租,Google,ChatGPT 合租
chatgpt 合租,Google,ChatGPT 合租
chatgpt合租面板,Bing,ChatGPT 合租
chatgpt账号合租网站,Bing,ChatGPT 合租
chatgpt 合租 平台,Google,ChatGPT 合租
chatgpt合租方案,Google,ChatGPT 合租
chatgpt plus合租平台,Google,ChatGPT 合租
chatgpt 4.0账号租用,Bing,ChatGPT 合租
chatgpt app store 香港,Bing,ChatGPT 合租
chatgpt ios app 香港,Bing,ChatGPT 合租
chatgpt-4开通方法和费用,Bing,ChatGPT 合租
chatgpt plus 共享 购买,Bing,ChatGPT 合租
chatgpt 合租 缺点,Google,ChatGPT 合租
chatgpt可以合租吗,Google,ChatGPT 合租
chatgpt o1 pro合租,Google,ChatGPT 合租
chatgpt pro 合租,Bing,ChatGPT 合租
chatgpt pro 合租,Google,ChatGPT 合租
chatgpt-plus如何使用,Bing,ChatGPT 合租
chatgpt 合租省钱方法,Google,ChatGPT 合租
chatgpt 合租 帳號,Google,ChatGPT 合租
chatgpt 合租 v2ex,Google,ChatGPT 合租
chatgpt 4 plus 费用,Bing,ChatGPT 合租
chatgpt 中文版 vs code,Bing,ChatGPT 合租
chatgpt3.5免费使用条件,Bing,ChatGPT 合租
chatgpt-plus收费吗,Bing,ChatGPT 合租
国内如何付费 chatgpt plus chatgpt 4,Bing,ChatGPT 合租
chatgpt-plus 多少钱,Bing,ChatGPT 合租
chatgpt教程 pdf,Google,ChatGPT 教程
chatgpt 军人 认证 教程,Google,ChatGPT 教程
chatgpt api 教程,Google,ChatGPT 教程
chatgpt on wechat 教程,Google,ChatGPT 教程
chatgpt 购买 教程,Google,ChatGPT 教程
chatgpt plus 购买 教程,Google,ChatGPT 教程
chatgpt 订阅 教程,Google,ChatGPT 教程
chatgpt canvas 教程,Google,ChatGPT 教程
chatgpt 安装 教程,Google,ChatGPT 教程
obsidian chatgpt 教程,Google,ChatGPT 教程
vscode chatgpt 教程,Google,ChatGPT 教程
注册 chatgpt 教程,Google,ChatGPT 教程
使用 chatgpt 教程,Google,ChatGPT 教程
大陆 使用 chatgpt 教程,Google,ChatGPT 教程
中国 使用 chatgpt 教程,Google,ChatGPT 教程
chatgpt教程,Google,ChatGPT 教程
chatgpt教程,Bing,ChatGPT 教程
chatgpt教程保姆级,Bing,ChatGPT 教程
chatgpt教程网,Bing,ChatGPT 教程
chatgpt教程pdf,Bing,ChatGPT 教程
chatgpt教程注册,Bing,ChatGPT 教程
chatgpt教程国内,Bing,ChatGPT 教程
chatgpt教程 知乎,Bing,ChatGPT 教程
chatgpt使用教程,Google,ChatGPT 教程
chatgpt使用教程,Bing,ChatGPT 教程
chatgpt注册教程,Bing,ChatGPT 教程
chatgpt本地部署教程,Google,ChatGPT 教程
chatgpt详细使用教程,Google,ChatGPT 教程
chatgpt进阶教程,Google,ChatGPT 教程
安装chatgpt教程,Bing,ChatGPT 教程
翻墙使用chatgpt教程,Bing,ChatGPT 教程
国内使用chatgpt教程,Bing,ChatGPT 教程
开通chatgpt plus教程,Bing,ChatGPT 教程
ps chatgpt的教程,Bing,ChatGPT 教程
wps chatgpt的教程,Bing,ChatGPT 教程
qq接入chatgpt的教程,Bing,ChatGPT 教程
poe chatgpt的教程,Bing,ChatGPT 教程
chatgpt中文版、使用教程,Bing,ChatGPT 教程
chatgpt-web使用教程,Bing,ChatGPT 教程
那么 我是如何使用 chatgpt 的,Bing,ChatGPT 教程
chatgpt 教程 pdf,Google,ChatGPT 教程
chatgpt 教程 pdf,Bing,ChatGPT 教程
chatgpt充值教程,Bing,ChatGPT 教程
chatgpt 大兵 认证 教程,Google,ChatGPT 教程
chatgpt 写 代码 教程,Google,ChatGPT 教程
chatgpt 教程,Google,ChatGPT 教程
chatgpt 教学 课程,Google,ChatGPT 教程
chatgpt go 教程,Google,ChatGPT 教程
chatgpt付费教程,Bing,ChatGPT 教程
chatgpt订阅教程,Bing,ChatGPT 教程
chatgpt使用教程国内,Bing,ChatGPT 教程
chatgpt下载教程,Bing,ChatGPT 教程
chatgpt安装教程,Bing,ChatGPT 教程
chatgpt fine tuning 教程,Google,ChatGPT 教程
idea集成chatgpt教程,Bing,ChatGPT 教程
ios版chatgpt使用教程,Bing,ChatGPT 教程
chatgpt ios使用教程,Bing,ChatGPT 教程
chatgpt 教师 认证 教程,Google,ChatGPT 教程
chatgpt k12 教程,Google,ChatGPT 教程
chatgpt codex 使用 教程,Google,ChatGPT 教程
chatgpt k12 认证 教程,Google,ChatGPT 教程
chatgpt codex 教程,Google,ChatGPT 教程
chatgpt 官方 教程,Google,ChatGPT 教程
chatgpt 升级 教程,Google,ChatGPT 教程
chatgpt midjourney 教程,Google,ChatGPT 教程
chatgpt plus升级教程,Google,ChatGPT 教程
chatgpt免费使用教程,Google,ChatGPT 教程
chatgpt免费教程,Google,ChatGPT 教程
chatgpt prompt 教程,Google,ChatGPT 教程
chatgpt plus 开通 教程,Google,ChatGPT 教程
chatgpt python 教程,Google,ChatGPT 教程
chatgpt plus 订阅 教程,Google,ChatGPT 教程
chatgpt plus使用教程,Google,ChatGPT 教程
chatgpt plus 付费 教程,Google,ChatGPT 教程
chatgpt开通plus教程,Bing,ChatGPT 教程
chatgpt做ppt的教程,Bing,ChatGPT 教程
chatgpt 使用 教程,Google,ChatGPT 教程
chatgpt api 使用 教程,Google,ChatGPT 教程
chatgpt 使用 教程 中文,Google,ChatGPT 教程
chatgpt 安卓 使用 教程,Google,ChatGPT 教程
chatgpt 使用 教程 知 乎,Google,ChatGPT 教程
chatgpt 4 使用 教程,Google,ChatGPT 教程
chatgpt 最 全 教程,Google,ChatGPT 教程
chatgpt 详细 使用 教程,Google,ChatGPT 教程
chatgpt 生成 图片 教程,Google,ChatGPT 教程
chatgpt 4o使用教程,Google,ChatGPT 教程
chatgpt atlas 使用 教程,Google,ChatGPT 教程
chatgpt 注册 教程,Google,ChatGPT 教程
chatgpt api 充值 教程,Google,ChatGPT 教程
chatgpt 付费 教程,Google,ChatGPT 教程
chatgpt 提示 词 教程,Google,ChatGPT 教程
chatgpt 的使用教程,Google,ChatGPT 教程
chatgpt 中文 教程,Google,ChatGPT 教程
chatgpt 最 全 教程 2025,Google,ChatGPT 教程
chatgpt 写 论文 教程,Google,ChatGPT 教程
chatgpt-next-web教程,Google,ChatGPT 教程
chatgpt web 搭建 教程,Google,ChatGPT 教程
chatgpt的使用教程,Google,ChatGPT 教程
chatgpt使用教学,Google,ChatGPT 教程
unity chatgpt gpt 3聊天机器人的教程和资源,Bing,ChatGPT 教程
chatgpt指令大全:如何使用chatgpt进行学习和教育,Bing,ChatGPT 教程
chatgpt 入门教程,Google,ChatGPT 教程
vscode chatgpt插件免费教程,Bing,ChatGPT 教程
chatgpt使用vpn的教程,Bing,ChatGPT 教程
chatgpt vpn无法访问的使用教程,Bing,ChatGPT 教程
chatgpt的web教程,Bing,ChatGPT 教程
nlp与chatgpt的教程,Bing,ChatGPT 教程
chatgpt生成web教程,Bing,ChatGPT 教程
chatgpt账号被封,Bing,ChatGPT 账号
chatgpt账号被封,Google,ChatGPT 账号
chatgpt账号批发,Bing,ChatGPT 账号
chatgpt账号批发,Google,ChatGPT 账号
chatgpt账号修改密码,Bing,ChatGPT 账号
chatgpt账号修改密码,Google,ChatGPT 账号
chatgpt 账号 被 封 是 什么 样子,Google,ChatGPT 账号
chatgpt账号可以多人使用吗,Bing,ChatGPT 账号
chatgpt账号可以多人使用吗,Google,ChatGPT 账号
chatgpt账号登录,Bing,ChatGPT 账号
chatgpt账号登录,Google,ChatGPT 账号
chatgpt账号注销,Bing,ChatGPT 账号
chatgpt账号注销,Google,ChatGPT 账号
chatgpt账号出售,Bing,ChatGPT 账号
chatgpt账号出售,Google,ChatGPT 账号
chatgpt账号注册教程,Bing,ChatGPT 账号
chatgpt账号注册教程,Google,ChatGPT 账号
chatgpt账号退出,Bing,ChatGPT 账号
chatgpt账号退出,Google,ChatGPT 账号
chatgpt账号被删除,Bing,ChatGPT 账号
chatgpt账号被删除,Google,ChatGPT 账号
chatgpt 账号 购买 批发,Google,ChatGPT 账号
chatgpt账号购买平台,Bing,ChatGPT 账号
chatgpt账号租用,Bing,ChatGPT 账号
chatgpt账号共享,Bing,ChatGPT 账号
chatgpt账号可以几个人登录,Bing,ChatGPT 账号
chatgpt账号分享,Bing,ChatGPT 账号
chatgpt账号申请,Google,ChatGPT 账号
chatgpt账号申请,Bing,ChatGPT 账号
chatgpt 账号 改 密码,Google,ChatGPT 账号
chatgpt 账号 api,Google,ChatGPT 账号
chatgpt 账号 安全,Google,ChatGPT 账号
chatgpt 账号注册,Google,ChatGPT 账号
chatgpt 账号 有 什么 用,Google,ChatGPT 账号
chatgpt 账号 手机 号,Google,ChatGPT 账号
chatgpt 账号 知 乎,Google,ChatGPT 账号
chatgpt账号充值,Bing,ChatGPT 账号
chatgpt账号出租,Bing,ChatGPT 账号
chatgpt账号池,Bing,ChatGPT 账号
chatgpt 账号 出售,Google,ChatGPT 账号
chatgpt 账号 可以 同时 登陆 吗,Google,ChatGPT 账号
chatgpt账号滥用,Google,ChatGPT 账号
chatgpt 账号,Google,ChatGPT 账号
chatgpt账号代理,Bing,ChatGPT 账号
chatgpt账号登陆,Bing,ChatGPT 账号
chatgpt账号大全,Bing,ChatGPT 账号
chatgpt账号登录不上,Bing,ChatGPT 账号
chatgpt账号登录入口,Bing,ChatGPT 账号
chatgpt账号代充,Bing,ChatGPT 账号
chatgpt账号冻结,Bing,ChatGPT 账号
chatgpt账号多少钱,Google,ChatGPT 账号
chatgpt账号多少钱,Bing,ChatGPT 账号
chatgpt账号登陆不上,Bing,ChatGPT 账号
chatgpt账号登陆不了,Bing,ChatGPT 账号
chatgpt账号冻结怎么办,Bing,ChatGPT 账号
chatgpt business 账号,Google,ChatGPT 账号
chatgpt 企业 版 账号,Google,ChatGPT 账号
chatgpt账号被封了怎么办,Bing,ChatGPT 账号
chatgpt账号被停用,Bing,ChatGPT 账号
chatgpt账号绑定,Bing,ChatGPT 账号
chatgpt账号被封是什么样子,Bing,ChatGPT 账号
chatgpt账号被冻结,Bing,ChatGPT 账号
chatgpt账号被删除或停用,Bing,ChatGPT 账号
chatgpt账号被封怎么申诉,Bing,ChatGPT 账号
chatgpt账号被停用了怎么办,Bing,ChatGPT 账号
chatgpt账号被冻结多久恢复,Bing,ChatGPT 账号
chatgpt 账号并且生成一个 api key,Bing,ChatGPT 账号
chatgpt edu 账号,Google,ChatGPT 账号
chatgpt 账号 验证,Google,ChatGPT 账号
chatgpt 账号 邮箱,Google,ChatGPT 账号
chatgpt 账号 注册 失败,Google,ChatGPT 账号
chatgpt 账号 怎么 注册,Google,ChatGPT 账号
chatgpt账号分割,Bing,ChatGPT 账号
chatgpt账号分布,Bing,ChatGPT 账号
chatgpt账号分数,Bing,ChatGPT 账号
chatgpt账号分期,Bing,ChatGPT 账号
chatgpt账号分流,Bing,ChatGPT 账号
chatgpt账号分离,Bing,ChatGPT 账号
chatgpt账号分级,Bing,ChatGPT 账号
chatgpt账号分组,Bing,ChatGPT 账号
chatgpt账号分裂,Bing,ChatGPT 账号
chatgpt账号分配,Bing,ChatGPT 账号
chatgpt账号分享qq,Bing,ChatGPT 账号
chatgpt 共享 账号 github,Google,ChatGPT 账号
chatgpt go 账号,Google,ChatGPT 账号
chatgpt go 账号 购买,Google,ChatGPT 账号
chatgpt 学生 账号,Google,ChatGPT 账号
chatgpt账号购买网站,Bing,ChatGPT 账号
chatgpt 账号购买价格,Bing,ChatGPT 账号
chatgpt 账号购买教程,Bing,ChatGPT 账号
chatgpt 账号购买方法,Bing,ChatGPT 账号
chatgpt 账号购买流程,Bing,ChatGPT 账号
chatgpt 账号购买渠道,Bing,ChatGPT 账号
chatgpt 账号购买优惠,Bing,ChatGPT 账号
chatgpt 账号购买优惠券,Bing,ChatGPT 账号
chatgpt 账号购买安全吗,Bing,ChatGPT 账号
chatgpt 账号 如何 注册,Google,ChatGPT 账号
chatgpt 账号 登 出,Google,ChatGPT 账号
chatgpt 账号 获取,Google,ChatGPT 账号
chatgpt账号会员,Bing,ChatGPT 账号
chatgpt账号好注册吗,Bing,ChatGPT 账号
chatgpt账号获取,Bing,ChatGPT 账号
chatgpt账号价格,Bing,ChatGPT 账号
chatgpt 账号 密码,Google,ChatGPT 账号
chatgpt 账号 密码 修改,Google,ChatGPT 账号
chatgpt 账号密码登录,Google,ChatGPT 账号
chatgpt 账号 怎么 看,Google,ChatGPT 账号
chatgpt 免费账号 限制,Google,ChatGPT 账号
chatgpt账号怎么注册,Bing,ChatGPT 账号
chatgpt账号怎么注册,Google,ChatGPT 账号
chatgpt账号密码,Bing,ChatGPT 账号
chatgpt账号免费,Bing,ChatGPT 账号
chatgpt账号密码共享,Bing,ChatGPT 账号
chatgpt账号密码忘记了,Bing,ChatGPT 账号
chatgpt账号买,Bing,ChatGPT 账号
chatgpt账号密码分享,Bing,ChatGPT 账号
chatgpt账号密码格式,Bing,ChatGPT 账号
chatgpt账号密码错误,Bing,ChatGPT 账号
chatgpt账号免费分享,Bing,ChatGPT 账号
chatgpt账号无法注册,Bing,ChatGPT 账号
chatgpt账号无法登录,Bing,ChatGPT 账号
chatgpt 账号 管理,Google,ChatGPT 账号
chatgpt 账号 解 封,Google,ChatGPT 账号
chatgpt 账号 会员,Google,ChatGPT 账号
chatgpt 账号 降 智,Google,ChatGPT 账号
chatgpt账号限制,Google,ChatGPT 账号
chatgpt账号可以共用吗,Google,ChatGPT 账号
chatgpt 账号 更改 密码,Google,ChatGPT 账号
chatgpt 一个 账号 可以 登录 几 个 设备,Google,ChatGPT 账号
chatgpt 账号 注册 教程,Google,ChatGPT 账号
chatgpt 一个 账号 可以 多 人 使用 吗,Google,ChatGPT 账号
chatgpt pro 共享 账号 购买,Google,ChatGPT 账号
chatgpt 美 区 账号,Google,ChatGPT 账号
chatgpt账号可以几个人一起用,Bing,ChatGPT 账号
chatgpt账号可以几台电脑使用,Bing,ChatGPT 账号
chatgpt账号可以共享吗,Bing,ChatGPT 账号
chatgpt账号可以几人使用,Bing,ChatGPT 账号
chatgpt账号可以同时登录吗,Bing,ChatGPT 账号
chatgpt账号可以同时登陆吗,Bing,ChatGPT 账号
chatgpt账号可以多设备登录吗,Bing,ChatGPT 账号
chatgpt账号可以同时几个人登录,Bing,ChatGPT 账号
chat gpt账号可以多端登录吗,Bing,ChatGPT 账号
chatgpt账号能同时登录吗,Bing,ChatGPT 账号
chatgpt账号能在多个设备上用吗,Bing,ChatGPT 账号
chatgpt账号能共享吗,Bing,ChatGPT 账号
chatgpt账号能登陆几个设备,Bing,ChatGPT 账号
chatgpt 账号 修改 密码,Google,ChatGPT 账号
chatgpt 账号 多 人 使用,Google,ChatGPT 账号
chatgpt 账号 可以 多 人 使用 吗,Google,ChatGPT 账号
chatgpt o1 账号,Google,ChatGPT 账号
chatgpt 多 账号,Google,ChatGPT 账号
chatgpt 一个账号多人使用,Google,ChatGPT 账号
openai chatgpt 账号,Google,ChatGPT 账号
chatgpt pro 账号 购买,Google,ChatGPT 账号
chatgpt plus 成品 账号,Google,ChatGPT 账号
chatgpt plus会员账号,Google,ChatGPT 账号
chatgpt账号pro,Bing,ChatGPT 账号
chatgpt账号plus,Bing,ChatGPT 账号
chatgpt账号拼车,Bing,ChatGPT 账号
chatgpt账号取消,Bing,ChatGPT 账号
chatgpt账号切换,Bing,ChatGPT 账号
chatgpt 账号 切换,Google,ChatGPT 账号
chatgpt账号sorryios,Google,ChatGPT 账号
chatgpt账号更换邮箱,Google,ChatGPT 账号
chatgpt 如何 更换 账号,Google,ChatGPT 账号
chatgpt 新 账号,Google,ChatGPT 账号
chatgpt 登录 新 账号,Google,ChatGPT 账号
chatgpt 注册 新 账号,Google,ChatGPT 账号
chatgpt如何更换账号登录,Google,ChatGPT 账号
chatgpt 切换 谷歌 账号,Google,ChatGPT 账号
怎么 申请 chatgpt 账号,Google,ChatGPT 账号
chatgpt账号申请结果,Bing,ChatGPT 账号
chatgpt账号申请表格,Bing,ChatGPT 账号
chatgpt账号申请失败原因,Bing,ChatGPT 账号
chatgpt账号申请常见问题,Bing,ChatGPT 账号
chatgpt账号申请注意事项,Bing,ChatGPT 账号
chatgpt账号申请成功后如何使用,Bing,ChatGPT 账号
chatgpt账号申诉,Bing,ChatGPT 账号
chatgpt 账号升级,Bing,ChatGPT 账号
chatgpt账号删除,Bing,ChatGPT 账号
chatgpt账号售卖,Bing,ChatGPT 账号
chatgpt账号收费,Bing,ChatGPT 账号
苹果账号 chatgpt,Google,ChatGPT 账号
chatgpt 账号 如何 申请,Google,ChatGPT 账号
chatgpt账号如何注册,Bing,ChatGPT 账号
chatgpt账号如何退出,Bing,ChatGPT 账号
chatgpt账号如何修改密码,Bing,ChatGPT 账号
chatgpt账号如何注销,Bing,ChatGPT 账号
chatgpt账号如何申请,Bing,ChatGPT 账号
chatgpt账号如何改密码,Bing,ChatGPT 账号
chatgpt 账号 注册,Google,ChatGPT 账号
chatgpt 账号 注销,Google,ChatGPT 账号
chatgpt 账号 停 用,Google,ChatGPT 账号
chatgpt账号的token,Google,ChatGPT 账号
chatgpt 谷歌 账号 登录 不了,Google,ChatGPT 账号
chatgpt 怎么 退出 账号,Google,ChatGPT 账号
chatgpt 付费 账号,Google,ChatGPT 账号
chatgpt team 账号 购买,Google,ChatGPT 账号
chatgpt的账号,Google,ChatGPT 账号
如何 注册 chatgpt 账号,Google,ChatGPT 账号
chatgpt账号淘宝,Bing,ChatGPT 账号
chatgpt账号同时登陆,Bing,ChatGPT 账号
chatgpt账号为什么会被封,Bing,ChatGPT 账号
chatgpt 用 谷歌 账号 登录,Google,ChatGPT 账号
chatgpt账号有什么用,Bing,ChatGPT 账号
chatgpt账号优惠,Bing,ChatGPT 账号
chatgpt账号邮箱,Bing,ChatGPT 账号
chatgpt账号续费,Bing,ChatGPT 账号
chatgpt账号租赁,Bing,ChatGPT 账号
chatgpt账号租赁,Google,ChatGPT 账号
chatgpt 账号 是 什么,Google,ChatGPT 账号
chatgpt账号租借,Bing,ChatGPT 账号
chatgpt账号注册步骤,Bing,ChatGPT 账号
chatgpt账号注册要求,Bing,ChatGPT 账号
chatgpt账号注册成功,Bing,ChatGPT 账号
chatgpt账号注册失败原因,Bing,ChatGPT 账号
chatgpt账号注册有什么优势,Bing,ChatGPT 账号
chatgpt prompt engineering for developers,Bing,ChatGPT Pro
chatgpt prompt engineering for developers,Google,ChatGPT Pro
chatgpt pro账号,Bing,ChatGPT Pro
chatgpt pro账号,Google,ChatGPT Pro
chatgpt pro 拼车,Google,ChatGPT Pro
chatgpt pro price,Bing,ChatGPT Pro
chatgpt pro price,Google,ChatGPT Pro
chatgpt pro和plus的区别,Bing,ChatGPT Pro
chatgpt pro和plus的区别,Google,ChatGPT Pro
chatgpt prompt optimizer,Bing,ChatGPT Pro
chatgpt prompt optimizer,Google,ChatGPT Pro
chatgpt prompt 大全,Google,ChatGPT Pro
chatgpt pro vs plus,Bing,ChatGPT Pro
chatgpt pro vs plus,Google,ChatGPT Pro
chatgpt pro 订阅,Google,ChatGPT Pro
chatgpt pro免费,Google,ChatGPT Pro
chatgpt pro价格,Bing,ChatGPT Pro
chatgpt pro和plus区别,Bing,ChatGPT Pro
chatgpt proxy,Google,ChatGPT Pro
chatgpt proxy,Bing,ChatGPT Pro
chatgpt pro api,Bing,ChatGPT Pro
chatgpt pro api,Google,ChatGPT Pro
chatgpt pro account,Bing,ChatGPT Pro
chatgpt pro account,Google,ChatGPT Pro
chatgpt pro api key,Bing,ChatGPT Pro
chatgpt pro api key,Google,ChatGPT Pro
chatgpt pro app,Bing,ChatGPT Pro
chatgpt pro app,Google,ChatGPT Pro
chatgpt pro and plus difference,Bing,ChatGPT Pro
chatgpt pro and plus difference,Google,ChatGPT Pro
chatgpt pro account sharing,Bing,ChatGPT Pro
chatgpt pro account sharing,Google,ChatGPT Pro
chatgpt pro版,Google,ChatGPT Pro
chatgpt pro buy,Bing,ChatGPT Pro
chatgpt pro buy,Google,ChatGPT Pro
chatgpt pro business,Bing,ChatGPT Pro
chatgpt pro business,Google,ChatGPT Pro
chatgpt problem,Bing,ChatGPT Pro
chatgpt problem,Google,ChatGPT Pro
chatgpt probemonat,Bing,ChatGPT Pro
chatgpt probemonat,Google,ChatGPT Pro
chatgpt pro codex,Bing,ChatGPT Pro
chatgpt pro codex,Google,ChatGPT Pro
chatgpt pro cost,Bing,ChatGPT Pro
chatgpt pro cost,Google,ChatGPT Pro
chatgpt pro cheap,Bing,ChatGPT Pro
chatgpt pro cheap,Google,ChatGPT Pro
chatgpt pro costo,Bing,ChatGPT Pro
chatgpt pro costo,Google,ChatGPT Pro
chatgpt pro多少钱,Google,ChatGPT Pro
chatgpt pro discount,Bing,ChatGPT Pro
chatgpt pro discount,Google,ChatGPT Pro
chatgpt pro deep research,Bing,ChatGPT Pro
chatgpt pro deep research,Google,ChatGPT Pro
chatgpt pro vs free,Bing,ChatGPT Pro
chatgpt pro vs free,Google,ChatGPT Pro
chatgpt pro review,Bing,ChatGPT Pro
chatgpt pro review,Google,ChatGPT Pro
chatgpt代理,Google,ChatGPT Pro
chatgpt pro deep research 回数,Bing,ChatGPT Pro
chatgpt pro ekşi,Bing,ChatGPT Pro
chatgpt pro ekşi,Google,ChatGPT Pro
chatgpt pro estudiantes,Bing,ChatGPT Pro
chatgpt pro estudiantes,Google,ChatGPT Pro
chatgpt pro enterprise,Bing,ChatGPT Pro
chatgpt pro enterprise,Google,ChatGPT Pro
chatgpt pro 费用,Google,ChatGPT Pro
chatgpt pro free,Bing,ChatGPT Pro
chatgpt pro free,Google,ChatGPT Pro
chatgpt pro 方案,Google,ChatGPT Pro
chatgpt pro free trial,Bing,ChatGPT Pro
chatgpt pro free trial,Google,ChatGPT Pro
chatgpt pro for students,Bing,ChatGPT Pro
chatgpt pro for students,Google,ChatGPT Pro
chatgpt pro free account,Bing,ChatGPT Pro
chatgpt pro free account,Google,ChatGPT Pro
chatgpt pro 共用,Google,ChatGPT Pro
chatgpt pro 功能,Google,ChatGPT Pro
chatgpt pro 跟 plus 差别,Google,ChatGPT Pro
chatgpt pro github,Bing,ChatGPT Pro
chatgpt pro github,Google,ChatGPT Pro
chatgpt pro gratis,Bing,ChatGPT Pro
chatgpt pro gratis,Google,ChatGPT Pro
chatgpt pro image limit,Bing,ChatGPT Pro
chatgpt pro image limit,Google,ChatGPT Pro
chatgpt pro india price,Bing,ChatGPT Pro
chatgpt pro india price,Google,ChatGPT Pro
chatgpt pro is it worth it,Bing,ChatGPT Pro
chatgpt pro is it worth it,Google,ChatGPT Pro
chatgpt pro india,Bing,ChatGPT Pro
chatgpt pro india,Google,ChatGPT Pro
chatgpt pro image generation limit,Bing,ChatGPT Pro
chatgpt pro image generation limit,Google,ChatGPT Pro
chatgpt pro和plus,Google,ChatGPT Pro
chatgpt pro好用吗,Google,ChatGPT Pro
chatgpt pro和business,Google,ChatGPT Pro
chatgpt pro和business区别,Google,ChatGPT Pro
chatgpt pro harga,Bing,ChatGPT Pro
chatgpt pro harga,Google,ChatGPT Pro
chatgpt pro hack,Bing,ChatGPT Pro
chatgpt pro hack,Google,ChatGPT Pro
chatgpt pro 回数制限,Bing,ChatGPT Pro
chatgpt pro 何ができる,Bing,ChatGPT Pro
chatgpt pro 价格,Google,ChatGPT Pro
chatgpt pro 镜像,Google,ChatGPT Pro
chatgpt pro 降智,Google,ChatGPT Pro
chatgpt pro 解約,Bing,ChatGPT Pro
chatgpt pro kündigen,Bing,ChatGPT Pro
chatgpt pro kündigen,Google,ChatGPT Pro
chatgpt pro key,Bing,ChatGPT Pro
chatgpt pro key,Google,ChatGPT Pro
chatgpt pro kosten,Bing,ChatGPT Pro
chatgpt pro kosten,Google,ChatGPT Pro
chatgpt pro kostenlos,Bing,ChatGPT Pro
chatgpt pro kostenlos,Google,ChatGPT Pro
chatgpt pro kaç tl,Bing,ChatGPT Pro
chatgpt pro kaç tl,Google,ChatGPT Pro
chatgpt pro kostenlos testen,Bing,ChatGPT Pro
chatgpt pro kostenlos testen,Google,ChatGPT Pro
chatgpt pro lifetime,Bing,ChatGPT Pro
chatgpt pro lifetime,Google,ChatGPT Pro
chatgpt pro login free,Bing,ChatGPT Pro
chatgpt pro login free,Google,ChatGPT Pro
chatgpt pro 料金,Bing,ChatGPT Pro
chatgpt pro模型,Google,ChatGPT Pro
chatgpt pro免费使用,Google,ChatGPT Pro
chatgpt prompt 模版,Google,ChatGPT Pro
chatgpt prompt技巧,Bing,ChatGPT Pro
chatgpt pro ne kadar,Bing,ChatGPT Pro
chatgpt pro ne kadar,Google,ChatGPT Pro
chatgpt pronostici calcio,Bing,ChatGPT Pro
chatgpt pronostici calcio,Google,ChatGPT Pro
chatgpt pronunciation,Bing,ChatGPT Pro
chatgpt pronunciation,Google,ChatGPT Pro
chatgpt pro 年間契約,Bing,ChatGPT Pro
chatgpt pro 年額,Bing,ChatGPT Pro
chatgpt pro 年費,Bing,ChatGPT Pro
chatgpt pro 区别,Google,ChatGPT Pro
chatgpt pro quanto custa,Bing,ChatGPT Pro
chatgpt pro quanto custa,Google,ChatGPT Pro
chatgpt pro 價格,Bing,ChatGPT Pro
chatgpt pro区别,Bing,ChatGPT Pro
chat gpt pro 契約,Bing,ChatGPT Pro
chat gpt pro 契約方法,Bing,ChatGPT Pro
chat gpt pro 情報漏洩,Bing,ChatGPT Pro
chatgpt pro plus,Bing,ChatGPT Pro
chatgpt pro plus,Google,ChatGPT Pro
chatgpt pro plus 比较,Google,ChatGPT Pro
chatgpt pro plan,Bing,ChatGPT Pro
chatgpt pro plan,Google,ChatGPT Pro
chatgpt pro plus 違い,Bing,ChatGPT Pro
chatgpt pro or business,Bing,ChatGPT Pro
chatgpt pro or business,Google,ChatGPT Pro
chatgpt pro or plus,Bing,ChatGPT Pro
chatgpt pro or plus,Google,ChatGPT Pro
chatgpt proofreading,Bing,ChatGPT Pro
chatgpt proofreading,Google,ChatGPT Pro
chatgpt pro refund,Bing,ChatGPT Pro
chatgpt pro refund,Google,ChatGPT Pro
chatgpt pro rateio,Bing,ChatGPT Pro
chatgpt pro rateio,Google,ChatGPT Pro
chatgpt pro 日本円,Bing,ChatGPT Pro
chatgpt pro 如何购买,Bing,ChatGPT Pro
chatgpt pro 试用,Google,ChatGPT Pro
chatgpt pro sora,Bing,ChatGPT Pro
chatgpt pro sora,Google,ChatGPT Pro
chatgpt pro student,Bing,ChatGPT Pro
chatgpt pro student,Google,ChatGPT Pro
chatgpt pro 上限,Google,ChatGPT Pro
chatgpt pro是什么,Google,ChatGPT Pro
chatgpt pro subscription,Bing,ChatGPT Pro
chatgpt pro subscription,Google,ChatGPT Pro
chatgpt pro 使用限制,Google,ChatGPT Pro
chatgpt pro套餐,Google,ChatGPT Pro
chatgpt pro thinking,Bing,ChatGPT Pro
chatgpt pro thinking,Google,ChatGPT Pro
chatgpt pro team,Bing,ChatGPT Pro
chatgpt pro team,Google,ChatGPT Pro
chatgpt pro trial,Bing,ChatGPT Pro
chatgpt pro trial,Google,ChatGPT Pro
chatgpt pro tarif,Bing,ChatGPT Pro
chatgpt pro tarif,Google,ChatGPT Pro
chatgpt pro testen,Bing,ChatGPT Pro
chatgpt pro testen,Google,ChatGPT Pro
chatgpt pro thinking 違い,Bing,ChatGPT Pro
chatgpt pro team 違い,Bing,ChatGPT Pro
chatgpt pro user,Bing,ChatGPT Pro
chatgpt pro user,Google,ChatGPT Pro
chatgpt pro upgrade,Bing,ChatGPT Pro
chatgpt pro upgrade,Google,ChatGPT Pro
chatgpt pro uk,Bing,ChatGPT Pro
chatgpt pro uk,Google,ChatGPT Pro
chatgpt pro vs business,Bing,ChatGPT Pro
chatgpt pro vs business,Google,ChatGPT Pro
chatgpt pro vs claude pro,Bing,ChatGPT Pro
chatgpt pro vs claude pro,Google,ChatGPT Pro
chatgpt pro worth it,Bing,ChatGPT Pro
chatgpt pro worth it,Google,ChatGPT Pro
chatgpt pro workspace,Bing,ChatGPT Pro
chatgpt pro workspace,Google,ChatGPT Pro
chatgpt pro worth it reddit,Bing,ChatGPT Pro
chatgpt pro worth it reddit,Google,ChatGPT Pro
chatgpt pro账户,Google,ChatGPT Pro
chatgpt pro 值得吗,Google,ChatGPT Pro
chatgpt pro怎么样,Google,ChatGPT Pro
chatgpt pro 折扣,Google,ChatGPT Pro
chatgpt pro 值得 买 吗,Google,ChatGPT Pro
chatgpt pro 制限,Bing,ChatGPT Pro
chatgpt pro账号共享,Bing,ChatGPT Pro
chatgpt pro账号购买,Bing,ChatGPT Pro
chatgpt pro 値段,Bing,ChatGPT Pro
chatgpt pro 账号 租用,Bing,ChatGPT Pro
chatgpt pro 支払方法,Bing,ChatGPT Pro
chatgpt pro 支払い,Bing,ChatGPT Pro
chatgpt pro限额,Google,ChatGPT Pro
chatgpt pro 心得,Google,ChatGPT Pro
chatgpt pro 香港,Google,ChatGPT Pro
chatgpt proxy github,Bing,ChatGPT Pro
chatgpt proxy github,Google,ChatGPT Pro
chatgpt proxy site,Bing,ChatGPT Pro
chatgpt proxy site,Google,ChatGPT Pro
chatgpt proxy settings,Bing,ChatGPT Pro
chatgpt proxy settings,Google,ChatGPT Pro
chatgpt pro 印度,Google,ChatGPT Pro
chatgpt pro 研究,Google,ChatGPT Pro
chatgpt pro yearly subscription,Bing,ChatGPT Pro
chatgpt pro yearly subscription,Google,ChatGPT Pro
chatgpt pro 月額,Bing,ChatGPT Pro
chatgpt pro有用吗,Bing,ChatGPT Pro
chatgpt pro 英会話,Bing,ChatGPT Pro
chatgpt pro有什么优势,Bing,ChatGPT Pro
chatgpt pro 一个月多少钱,Bing,ChatGPT Pro
chat gpt pro 月額料金,Bing,ChatGPT Pro
chat gpt pro 医療,Bing,ChatGPT Pro
chat gpt pro 研究,Bing,ChatGPT Pro
